<application>
  <component name="GeneralSettings">
    <option name="showTipsOnStartup" value="false" />
    <option name="confirmOpenNewProject2" value="0" />
  </component>
  <component name="Registry">
    <entry key="moved.to.new.ui" value="true" />
    <entry key="ide.experimental.ui" value="true" />
  </component>
  <component name="StatusBar">
    <option name="widgets">
      <map>
        <entry key="FlowJSInfo" value="false" />
        <entry key="PowerSaveMode" value="true" />
        <entry key="ReadOnlyAttribute" value="false" />
      </map>
    </option>
  </component>
</application>