<application>
  <component name="ProjectJdkTable">
    <jdk version="2">
      <name value="21" />
      <type value="JavaSDK" />
      <version value="Oracle OpenJDK 21.0.3 - aarch64" />
      <homePath value="/Library/Java/JavaVirtualMachines/oracle-jdk-21.0.3" />
      <roots>
        <annotationsPath>
          <root type="composite">
            <root url="jar://$APPLICATION_HOME_DIR$/plugins/java/lib/resources/jdkAnnotations.jar!/" type="simple" />
          </root>
        </annotationsPath>
        <classPath>
          <root type="composite">
            <root url="jrt:///Library/Java/JavaVirtualMachines/oracle-jdk-21.0.3!/java.base" type="simple" />
            <root url="jrt:///Library/Java/JavaVirtualMachines/oracle-jdk-21.0.3!/java.compiler" type="simple" />
            <root url="jrt:///Library/Java/JavaVirtualMachines/oracle-jdk-21.0.3!/java.datatransfer" type="simple" />
            <root url="jrt:///Library/Java/JavaVirtualMachines/oracle-jdk-21.0.3!/java.desktop" type="simple" />
            <root url="jrt:///Library/Java/JavaVirtualMachines/oracle-jdk-21.0.3!/java.instrument" type="simple" />
            <root url="jrt:///Library/Java/JavaVirtualMachines/oracle-jdk-21.0.3!/java.logging" type="simple" />
            <root url="jrt:///Library/Java/JavaVirtualMachines/oracle-jdk-21.0.3!/java.management" type="simple" />
            <root url="jrt:///Library/Java/JavaVirtualMachines/oracle-jdk-21.0.3!/java.management.rmi" type="simple" />
            <root url="jrt:///Library/Java/JavaVirtualMachines/oracle-jdk-21.0.3!/java.naming" type="simple" />
            <root url="jrt:///Library/Java/JavaVirtualMachines/oracle-jdk-21.0.3!/java.net.http" type="simple" />
            <root url="jrt:///Library/Java/JavaVirtualMachines/oracle-jdk-21.0.3!/java.prefs" type="simple" />
            <root url="jrt:///Library/Java/JavaVirtualMachines/oracle-jdk-21.0.3!/java.rmi" type="simple" />
            <root url="jrt:///Library/Java/JavaVirtualMachines/oracle-jdk-21.0.3!/java.scripting" type="simple" />
            <root url="jrt:///Library/Java/JavaVirtualMachines/oracle-jdk-21.0.3!/java.se" type="simple" />
            <root url="jrt:///Library/Java/JavaVirtualMachines/oracle-jdk-21.0.3!/java.security.jgss" type="simple" />
            <root url="jrt:///Library/Java/JavaVirtualMachines/oracle-jdk-21.0.3!/java.security.sasl" type="simple" />
            <root url="jrt:///Library/Java/JavaVirtualMachines/oracle-jdk-21.0.3!/java.smartcardio" type="simple" />
            <root url="jrt:///Library/Java/JavaVirtualMachines/oracle-jdk-21.0.3!/java.sql" type="simple" />
            <root url="jrt:///Library/Java/JavaVirtualMachines/oracle-jdk-21.0.3!/java.sql.rowset" type="simple" />
            <root url="jrt:///Library/Java/JavaVirtualMachines/oracle-jdk-21.0.3!/java.transaction.xa" type="simple" />
            <root url="jrt:///Library/Java/JavaVirtualMachines/oracle-jdk-21.0.3!/java.xml" type="simple" />
            <root url="jrt:///Library/Java/JavaVirtualMachines/oracle-jdk-21.0.3!/java.xml.crypto" type="simple" />
            <root url="jrt:///Library/Java/JavaVirtualMachines/oracle-jdk-21.0.3!/jdk.accessibility" type="simple" />
            <root url="jrt:///Library/Java/JavaVirtualMachines/oracle-jdk-21.0.3!/jdk.attach" type="simple" />
            <root url="jrt:///Library/Java/JavaVirtualMachines/oracle-jdk-21.0.3!/jdk.charsets" type="simple" />
            <root url="jrt:///Library/Java/JavaVirtualMachines/oracle-jdk-21.0.3!/jdk.compiler" type="simple" />
            <root url="jrt:///Library/Java/JavaVirtualMachines/oracle-jdk-21.0.3!/jdk.crypto.cryptoki" type="simple" />
            <root url="jrt:///Library/Java/JavaVirtualMachines/oracle-jdk-21.0.3!/jdk.crypto.ec" type="simple" />
            <root url="jrt:///Library/Java/JavaVirtualMachines/oracle-jdk-21.0.3!/jdk.dynalink" type="simple" />
            <root url="jrt:///Library/Java/JavaVirtualMachines/oracle-jdk-21.0.3!/jdk.editpad" type="simple" />
            <root url="jrt:///Library/Java/JavaVirtualMachines/oracle-jdk-21.0.3!/jdk.hotspot.agent" type="simple" />
            <root url="jrt:///Library/Java/JavaVirtualMachines/oracle-jdk-21.0.3!/jdk.httpserver" type="simple" />
            <root url="jrt:///Library/Java/JavaVirtualMachines/oracle-jdk-21.0.3!/jdk.incubator.vector" type="simple" />
            <root url="jrt:///Library/Java/JavaVirtualMachines/oracle-jdk-21.0.3!/jdk.internal.ed" type="simple" />
            <root url="jrt:///Library/Java/JavaVirtualMachines/oracle-jdk-21.0.3!/jdk.internal.jvmstat" type="simple" />
            <root url="jrt:///Library/Java/JavaVirtualMachines/oracle-jdk-21.0.3!/jdk.internal.le" type="simple" />
            <root url="jrt:///Library/Java/JavaVirtualMachines/oracle-jdk-21.0.3!/jdk.internal.opt" type="simple" />
            <root url="jrt:///Library/Java/JavaVirtualMachines/oracle-jdk-21.0.3!/jdk.internal.vm.ci" type="simple" />
            <root url="jrt:///Library/Java/JavaVirtualMachines/oracle-jdk-21.0.3!/jdk.internal.vm.compiler" type="simple" />
            <root url="jrt:///Library/Java/JavaVirtualMachines/oracle-jdk-21.0.3!/jdk.internal.vm.compiler.management" type="simple" />
            <root url="jrt:///Library/Java/JavaVirtualMachines/oracle-jdk-21.0.3!/jdk.jartool" type="simple" />
            <root url="jrt:///Library/Java/JavaVirtualMachines/oracle-jdk-21.0.3!/jdk.javadoc" type="simple" />
            <root url="jrt:///Library/Java/JavaVirtualMachines/oracle-jdk-21.0.3!/jdk.jcmd" type="simple" />
            <root url="jrt:///Library/Java/JavaVirtualMachines/oracle-jdk-21.0.3!/jdk.jconsole" type="simple" />
            <root url="jrt:///Library/Java/JavaVirtualMachines/oracle-jdk-21.0.3!/jdk.jdeps" type="simple" />
            <root url="jrt:///Library/Java/JavaVirtualMachines/oracle-jdk-21.0.3!/jdk.jdi" type="simple" />
            <root url="jrt:///Library/Java/JavaVirtualMachines/oracle-jdk-21.0.3!/jdk.jdwp.agent" type="simple" />
            <root url="jrt:///Library/Java/JavaVirtualMachines/oracle-jdk-21.0.3!/jdk.jfr" type="simple" />
            <root url="jrt:///Library/Java/JavaVirtualMachines/oracle-jdk-21.0.3!/jdk.jlink" type="simple" />
            <root url="jrt:///Library/Java/JavaVirtualMachines/oracle-jdk-21.0.3!/jdk.jpackage" type="simple" />
            <root url="jrt:///Library/Java/JavaVirtualMachines/oracle-jdk-21.0.3!/jdk.jshell" type="simple" />
            <root url="jrt:///Library/Java/JavaVirtualMachines/oracle-jdk-21.0.3!/jdk.jsobject" type="simple" />
            <root url="jrt:///Library/Java/JavaVirtualMachines/oracle-jdk-21.0.3!/jdk.jstatd" type="simple" />
            <root url="jrt:///Library/Java/JavaVirtualMachines/oracle-jdk-21.0.3!/jdk.localedata" type="simple" />
            <root url="jrt:///Library/Java/JavaVirtualMachines/oracle-jdk-21.0.3!/jdk.management" type="simple" />
            <root url="jrt:///Library/Java/JavaVirtualMachines/oracle-jdk-21.0.3!/jdk.management.agent" type="simple" />
            <root url="jrt:///Library/Java/JavaVirtualMachines/oracle-jdk-21.0.3!/jdk.management.jfr" type="simple" />
            <root url="jrt:///Library/Java/JavaVirtualMachines/oracle-jdk-21.0.3!/jdk.naming.dns" type="simple" />
            <root url="jrt:///Library/Java/JavaVirtualMachines/oracle-jdk-21.0.3!/jdk.naming.rmi" type="simple" />
            <root url="jrt:///Library/Java/JavaVirtualMachines/oracle-jdk-21.0.3!/jdk.net" type="simple" />
            <root url="jrt:///Library/Java/JavaVirtualMachines/oracle-jdk-21.0.3!/jdk.nio.mapmode" type="simple" />
            <root url="jrt:///Library/Java/JavaVirtualMachines/oracle-jdk-21.0.3!/jdk.random" type="simple" />
            <root url="jrt:///Library/Java/JavaVirtualMachines/oracle-jdk-21.0.3!/jdk.sctp" type="simple" />
            <root url="jrt:///Library/Java/JavaVirtualMachines/oracle-jdk-21.0.3!/jdk.security.auth" type="simple" />
            <root url="jrt:///Library/Java/JavaVirtualMachines/oracle-jdk-21.0.3!/jdk.security.jgss" type="simple" />
            <root url="jrt:///Library/Java/JavaVirtualMachines/oracle-jdk-21.0.3!/jdk.unsupported" type="simple" />
            <root url="jrt:///Library/Java/JavaVirtualMachines/oracle-jdk-21.0.3!/jdk.unsupported.desktop" type="simple" />
            <root url="jrt:///Library/Java/JavaVirtualMachines/oracle-jdk-21.0.3!/jdk.xml.dom" type="simple" />
            <root url="jrt:///Library/Java/JavaVirtualMachines/oracle-jdk-21.0.3!/jdk.zipfs" type="simple" />
          </root>
        </classPath>
        <javadocPath>
          <root type="composite" />
        </javadocPath>
        <sourcePath>
          <root type="composite">
            <root url="jar:///Library/Java/JavaVirtualMachines/oracle-jdk-21.0.3/lib/src.zip!/java.se" type="simple" />
            <root url="jar:///Library/Java/JavaVirtualMachines/oracle-jdk-21.0.3/lib/src.zip!/jdk.jdi" type="simple" />
            <root url="jar:///Library/Java/JavaVirtualMachines/oracle-jdk-21.0.3/lib/src.zip!/jdk.jfr" type="simple" />
            <root url="jar:///Library/Java/JavaVirtualMachines/oracle-jdk-21.0.3/lib/src.zip!/jdk.net" type="simple" />
            <root url="jar:///Library/Java/JavaVirtualMachines/oracle-jdk-21.0.3/lib/src.zip!/java.rmi" type="simple" />
            <root url="jar:///Library/Java/JavaVirtualMachines/oracle-jdk-21.0.3/lib/src.zip!/java.sql" type="simple" />
            <root url="jar:///Library/Java/JavaVirtualMachines/oracle-jdk-21.0.3/lib/src.zip!/java.xml" type="simple" />
            <root url="jar:///Library/Java/JavaVirtualMachines/oracle-jdk-21.0.3/lib/src.zip!/jdk.jcmd" type="simple" />
            <root url="jar:///Library/Java/JavaVirtualMachines/oracle-jdk-21.0.3/lib/src.zip!/jdk.sctp" type="simple" />
            <root url="jar:///Library/Java/JavaVirtualMachines/oracle-jdk-21.0.3/lib/src.zip!/java.base" type="simple" />
            <root url="jar:///Library/Java/JavaVirtualMachines/oracle-jdk-21.0.3/lib/src.zip!/jdk.jdeps" type="simple" />
            <root url="jar:///Library/Java/JavaVirtualMachines/oracle-jdk-21.0.3/lib/src.zip!/jdk.jlink" type="simple" />
            <root url="jar:///Library/Java/JavaVirtualMachines/oracle-jdk-21.0.3/lib/src.zip!/jdk.zipfs" type="simple" />
            <root url="jar:///Library/Java/JavaVirtualMachines/oracle-jdk-21.0.3/lib/src.zip!/java.prefs" type="simple" />
            <root url="jar:///Library/Java/JavaVirtualMachines/oracle-jdk-21.0.3/lib/src.zip!/jdk.attach" type="simple" />
            <root url="jar:///Library/Java/JavaVirtualMachines/oracle-jdk-21.0.3/lib/src.zip!/jdk.jshell" type="simple" />
            <root url="jar:///Library/Java/JavaVirtualMachines/oracle-jdk-21.0.3/lib/src.zip!/jdk.jstatd" type="simple" />
            <root url="jar:///Library/Java/JavaVirtualMachines/oracle-jdk-21.0.3/lib/src.zip!/jdk.random" type="simple" />
            <root url="jar:///Library/Java/JavaVirtualMachines/oracle-jdk-21.0.3/lib/src.zip!/java.naming" type="simple" />
            <root url="jar:///Library/Java/JavaVirtualMachines/oracle-jdk-21.0.3/lib/src.zip!/jdk.editpad" type="simple" />
            <root url="jar:///Library/Java/JavaVirtualMachines/oracle-jdk-21.0.3/lib/src.zip!/jdk.jartool" type="simple" />
            <root url="jar:///Library/Java/JavaVirtualMachines/oracle-jdk-21.0.3/lib/src.zip!/jdk.javadoc" type="simple" />
            <root url="jar:///Library/Java/JavaVirtualMachines/oracle-jdk-21.0.3/lib/src.zip!/jdk.xml.dom" type="simple" />
            <root url="jar:///Library/Java/JavaVirtualMachines/oracle-jdk-21.0.3/lib/src.zip!/java.desktop" type="simple" />
            <root url="jar:///Library/Java/JavaVirtualMachines/oracle-jdk-21.0.3/lib/src.zip!/java.logging" type="simple" />
            <root url="jar:///Library/Java/JavaVirtualMachines/oracle-jdk-21.0.3/lib/src.zip!/jdk.charsets" type="simple" />
            <root url="jar:///Library/Java/JavaVirtualMachines/oracle-jdk-21.0.3/lib/src.zip!/jdk.compiler" type="simple" />
            <root url="jar:///Library/Java/JavaVirtualMachines/oracle-jdk-21.0.3/lib/src.zip!/jdk.dynalink" type="simple" />
            <root url="jar:///Library/Java/JavaVirtualMachines/oracle-jdk-21.0.3/lib/src.zip!/jdk.jconsole" type="simple" />
            <root url="jar:///Library/Java/JavaVirtualMachines/oracle-jdk-21.0.3/lib/src.zip!/jdk.jpackage" type="simple" />
            <root url="jar:///Library/Java/JavaVirtualMachines/oracle-jdk-21.0.3/lib/src.zip!/jdk.jsobject" type="simple" />
            <root url="jar:///Library/Java/JavaVirtualMachines/oracle-jdk-21.0.3/lib/src.zip!/java.compiler" type="simple" />
            <root url="jar:///Library/Java/JavaVirtualMachines/oracle-jdk-21.0.3/lib/src.zip!/java.net.http" type="simple" />
            <root url="jar:///Library/Java/JavaVirtualMachines/oracle-jdk-21.0.3/lib/src.zip!/jdk.crypto.ec" type="simple" />
            <root url="jar:///Library/Java/JavaVirtualMachines/oracle-jdk-21.0.3/lib/src.zip!/java.scripting" type="simple" />
            <root url="jar:///Library/Java/JavaVirtualMachines/oracle-jdk-21.0.3/lib/src.zip!/jdk.httpserver" type="simple" />
            <root url="jar:///Library/Java/JavaVirtualMachines/oracle-jdk-21.0.3/lib/src.zip!/jdk.jdwp.agent" type="simple" />
            <root url="jar:///Library/Java/JavaVirtualMachines/oracle-jdk-21.0.3/lib/src.zip!/jdk.localedata" type="simple" />
            <root url="jar:///Library/Java/JavaVirtualMachines/oracle-jdk-21.0.3/lib/src.zip!/jdk.management" type="simple" />
            <root url="jar:///Library/Java/JavaVirtualMachines/oracle-jdk-21.0.3/lib/src.zip!/jdk.naming.dns" type="simple" />
            <root url="jar:///Library/Java/JavaVirtualMachines/oracle-jdk-21.0.3/lib/src.zip!/jdk.naming.rmi" type="simple" />
            <root url="jar:///Library/Java/JavaVirtualMachines/oracle-jdk-21.0.3/lib/src.zip!/java.instrument" type="simple" />
            <root url="jar:///Library/Java/JavaVirtualMachines/oracle-jdk-21.0.3/lib/src.zip!/java.management" type="simple" />
            <root url="jar:///Library/Java/JavaVirtualMachines/oracle-jdk-21.0.3/lib/src.zip!/java.sql.rowset" type="simple" />
            <root url="jar:///Library/Java/JavaVirtualMachines/oracle-jdk-21.0.3/lib/src.zip!/java.xml.crypto" type="simple" />
            <root url="jar:///Library/Java/JavaVirtualMachines/oracle-jdk-21.0.3/lib/src.zip!/jdk.internal.ed" type="simple" />
            <root url="jar:///Library/Java/JavaVirtualMachines/oracle-jdk-21.0.3/lib/src.zip!/jdk.internal.le" type="simple" />
            <root url="jar:///Library/Java/JavaVirtualMachines/oracle-jdk-21.0.3/lib/src.zip!/jdk.nio.mapmode" type="simple" />
            <root url="jar:///Library/Java/JavaVirtualMachines/oracle-jdk-21.0.3/lib/src.zip!/jdk.unsupported" type="simple" />
            <root url="jar:///Library/Java/JavaVirtualMachines/oracle-jdk-21.0.3/lib/src.zip!/java.smartcardio" type="simple" />
            <root url="jar:///Library/Java/JavaVirtualMachines/oracle-jdk-21.0.3/lib/src.zip!/jdk.internal.opt" type="simple" />
            <root url="jar:///Library/Java/JavaVirtualMachines/oracle-jdk-21.0.3/lib/src.zip!/java.datatransfer" type="simple" />
            <root url="jar:///Library/Java/JavaVirtualMachines/oracle-jdk-21.0.3/lib/src.zip!/jdk.accessibility" type="simple" />
            <root url="jar:///Library/Java/JavaVirtualMachines/oracle-jdk-21.0.3/lib/src.zip!/jdk.hotspot.agent" type="simple" />
            <root url="jar:///Library/Java/JavaVirtualMachines/oracle-jdk-21.0.3/lib/src.zip!/jdk.security.auth" type="simple" />
            <root url="jar:///Library/Java/JavaVirtualMachines/oracle-jdk-21.0.3/lib/src.zip!/jdk.security.jgss" type="simple" />
            <root url="jar:///Library/Java/JavaVirtualMachines/oracle-jdk-21.0.3/lib/src.zip!/java.security.jgss" type="simple" />
            <root url="jar:///Library/Java/JavaVirtualMachines/oracle-jdk-21.0.3/lib/src.zip!/java.security.sasl" type="simple" />
            <root url="jar:///Library/Java/JavaVirtualMachines/oracle-jdk-21.0.3/lib/src.zip!/jdk.internal.vm.ci" type="simple" />
            <root url="jar:///Library/Java/JavaVirtualMachines/oracle-jdk-21.0.3/lib/src.zip!/jdk.management.jfr" type="simple" />
            <root url="jar:///Library/Java/JavaVirtualMachines/oracle-jdk-21.0.3/lib/src.zip!/java.management.rmi" type="simple" />
            <root url="jar:///Library/Java/JavaVirtualMachines/oracle-jdk-21.0.3/lib/src.zip!/java.transaction.xa" type="simple" />
            <root url="jar:///Library/Java/JavaVirtualMachines/oracle-jdk-21.0.3/lib/src.zip!/jdk.crypto.cryptoki" type="simple" />
            <root url="jar:///Library/Java/JavaVirtualMachines/oracle-jdk-21.0.3/lib/src.zip!/jdk.incubator.vector" type="simple" />
            <root url="jar:///Library/Java/JavaVirtualMachines/oracle-jdk-21.0.3/lib/src.zip!/jdk.internal.jvmstat" type="simple" />
            <root url="jar:///Library/Java/JavaVirtualMachines/oracle-jdk-21.0.3/lib/src.zip!/jdk.management.agent" type="simple" />
            <root url="jar:///Library/Java/JavaVirtualMachines/oracle-jdk-21.0.3/lib/src.zip!/jdk.unsupported.desktop" type="simple" />
            <root url="jar:///Library/Java/JavaVirtualMachines/oracle-jdk-21.0.3/lib/src.zip!/jdk.internal.vm.compiler" type="simple" />
            <root url="jar:///Library/Java/JavaVirtualMachines/oracle-jdk-21.0.3/lib/src.zip!/jdk.internal.vm.compiler.management" type="simple" />
          </root>
        </sourcePath>
      </roots>
    </jdk>
    <jdk version="2">
      <name value="17" />
      <type value="JavaSDK" />
      <version value="java version &quot;17.0.10&quot;" />
      <homePath value="/Library/Java/JavaVirtualMachines/oracle-jdk-17.0.10" />
      <roots>
        <annotationsPath>
          <root type="composite">
            <root url="jar://$APPLICATION_HOME_DIR$/plugins/java/lib/resources/jdkAnnotations.jar!/" type="simple" />
          </root>
        </annotationsPath>
        <classPath>
          <root type="composite">
            <root url="jrt:///Library/Java/JavaVirtualMachines/oracle-jdk-17.0.10!/java.base" type="simple" />
            <root url="jrt:///Library/Java/JavaVirtualMachines/oracle-jdk-17.0.10!/java.compiler" type="simple" />
            <root url="jrt:///Library/Java/JavaVirtualMachines/oracle-jdk-17.0.10!/java.datatransfer" type="simple" />
            <root url="jrt:///Library/Java/JavaVirtualMachines/oracle-jdk-17.0.10!/java.desktop" type="simple" />
            <root url="jrt:///Library/Java/JavaVirtualMachines/oracle-jdk-17.0.10!/java.instrument" type="simple" />
            <root url="jrt:///Library/Java/JavaVirtualMachines/oracle-jdk-17.0.10!/java.logging" type="simple" />
            <root url="jrt:///Library/Java/JavaVirtualMachines/oracle-jdk-17.0.10!/java.management" type="simple" />
            <root url="jrt:///Library/Java/JavaVirtualMachines/oracle-jdk-17.0.10!/java.management.rmi" type="simple" />
            <root url="jrt:///Library/Java/JavaVirtualMachines/oracle-jdk-17.0.10!/java.naming" type="simple" />
            <root url="jrt:///Library/Java/JavaVirtualMachines/oracle-jdk-17.0.10!/java.net.http" type="simple" />
            <root url="jrt:///Library/Java/JavaVirtualMachines/oracle-jdk-17.0.10!/java.prefs" type="simple" />
            <root url="jrt:///Library/Java/JavaVirtualMachines/oracle-jdk-17.0.10!/java.rmi" type="simple" />
            <root url="jrt:///Library/Java/JavaVirtualMachines/oracle-jdk-17.0.10!/java.scripting" type="simple" />
            <root url="jrt:///Library/Java/JavaVirtualMachines/oracle-jdk-17.0.10!/java.se" type="simple" />
            <root url="jrt:///Library/Java/JavaVirtualMachines/oracle-jdk-17.0.10!/java.security.jgss" type="simple" />
            <root url="jrt:///Library/Java/JavaVirtualMachines/oracle-jdk-17.0.10!/java.security.sasl" type="simple" />
            <root url="jrt:///Library/Java/JavaVirtualMachines/oracle-jdk-17.0.10!/java.smartcardio" type="simple" />
            <root url="jrt:///Library/Java/JavaVirtualMachines/oracle-jdk-17.0.10!/java.sql" type="simple" />
            <root url="jrt:///Library/Java/JavaVirtualMachines/oracle-jdk-17.0.10!/java.sql.rowset" type="simple" />
            <root url="jrt:///Library/Java/JavaVirtualMachines/oracle-jdk-17.0.10!/java.transaction.xa" type="simple" />
            <root url="jrt:///Library/Java/JavaVirtualMachines/oracle-jdk-17.0.10!/java.xml" type="simple" />
            <root url="jrt:///Library/Java/JavaVirtualMachines/oracle-jdk-17.0.10!/java.xml.crypto" type="simple" />
            <root url="jrt:///Library/Java/JavaVirtualMachines/oracle-jdk-17.0.10!/jdk.accessibility" type="simple" />
            <root url="jrt:///Library/Java/JavaVirtualMachines/oracle-jdk-17.0.10!/jdk.attach" type="simple" />
            <root url="jrt:///Library/Java/JavaVirtualMachines/oracle-jdk-17.0.10!/jdk.charsets" type="simple" />
            <root url="jrt:///Library/Java/JavaVirtualMachines/oracle-jdk-17.0.10!/jdk.compiler" type="simple" />
            <root url="jrt:///Library/Java/JavaVirtualMachines/oracle-jdk-17.0.10!/jdk.crypto.cryptoki" type="simple" />
            <root url="jrt:///Library/Java/JavaVirtualMachines/oracle-jdk-17.0.10!/jdk.crypto.ec" type="simple" />
            <root url="jrt:///Library/Java/JavaVirtualMachines/oracle-jdk-17.0.10!/jdk.dynalink" type="simple" />
            <root url="jrt:///Library/Java/JavaVirtualMachines/oracle-jdk-17.0.10!/jdk.editpad" type="simple" />
            <root url="jrt:///Library/Java/JavaVirtualMachines/oracle-jdk-17.0.10!/jdk.hotspot.agent" type="simple" />
            <root url="jrt:///Library/Java/JavaVirtualMachines/oracle-jdk-17.0.10!/jdk.httpserver" type="simple" />
            <root url="jrt:///Library/Java/JavaVirtualMachines/oracle-jdk-17.0.10!/jdk.incubator.foreign" type="simple" />
            <root url="jrt:///Library/Java/JavaVirtualMachines/oracle-jdk-17.0.10!/jdk.incubator.vector" type="simple" />
            <root url="jrt:///Library/Java/JavaVirtualMachines/oracle-jdk-17.0.10!/jdk.internal.ed" type="simple" />
            <root url="jrt:///Library/Java/JavaVirtualMachines/oracle-jdk-17.0.10!/jdk.internal.jvmstat" type="simple" />
            <root url="jrt:///Library/Java/JavaVirtualMachines/oracle-jdk-17.0.10!/jdk.internal.le" type="simple" />
            <root url="jrt:///Library/Java/JavaVirtualMachines/oracle-jdk-17.0.10!/jdk.internal.opt" type="simple" />
            <root url="jrt:///Library/Java/JavaVirtualMachines/oracle-jdk-17.0.10!/jdk.internal.vm.ci" type="simple" />
            <root url="jrt:///Library/Java/JavaVirtualMachines/oracle-jdk-17.0.10!/jdk.internal.vm.compiler" type="simple" />
            <root url="jrt:///Library/Java/JavaVirtualMachines/oracle-jdk-17.0.10!/jdk.internal.vm.compiler.management" type="simple" />
            <root url="jrt:///Library/Java/JavaVirtualMachines/oracle-jdk-17.0.10!/jdk.jartool" type="simple" />
            <root url="jrt:///Library/Java/JavaVirtualMachines/oracle-jdk-17.0.10!/jdk.javadoc" type="simple" />
            <root url="jrt:///Library/Java/JavaVirtualMachines/oracle-jdk-17.0.10!/jdk.jcmd" type="simple" />
            <root url="jrt:///Library/Java/JavaVirtualMachines/oracle-jdk-17.0.10!/jdk.jconsole" type="simple" />
            <root url="jrt:///Library/Java/JavaVirtualMachines/oracle-jdk-17.0.10!/jdk.jdeps" type="simple" />
            <root url="jrt:///Library/Java/JavaVirtualMachines/oracle-jdk-17.0.10!/jdk.jdi" type="simple" />
            <root url="jrt:///Library/Java/JavaVirtualMachines/oracle-jdk-17.0.10!/jdk.jdwp.agent" type="simple" />
            <root url="jrt:///Library/Java/JavaVirtualMachines/oracle-jdk-17.0.10!/jdk.jfr" type="simple" />
            <root url="jrt:///Library/Java/JavaVirtualMachines/oracle-jdk-17.0.10!/jdk.jlink" type="simple" />
            <root url="jrt:///Library/Java/JavaVirtualMachines/oracle-jdk-17.0.10!/jdk.jpackage" type="simple" />
            <root url="jrt:///Library/Java/JavaVirtualMachines/oracle-jdk-17.0.10!/jdk.jshell" type="simple" />
            <root url="jrt:///Library/Java/JavaVirtualMachines/oracle-jdk-17.0.10!/jdk.jsobject" type="simple" />
            <root url="jrt:///Library/Java/JavaVirtualMachines/oracle-jdk-17.0.10!/jdk.jstatd" type="simple" />
            <root url="jrt:///Library/Java/JavaVirtualMachines/oracle-jdk-17.0.10!/jdk.localedata" type="simple" />
            <root url="jrt:///Library/Java/JavaVirtualMachines/oracle-jdk-17.0.10!/jdk.management" type="simple" />
            <root url="jrt:///Library/Java/JavaVirtualMachines/oracle-jdk-17.0.10!/jdk.management.agent" type="simple" />
            <root url="jrt:///Library/Java/JavaVirtualMachines/oracle-jdk-17.0.10!/jdk.management.jfr" type="simple" />
            <root url="jrt:///Library/Java/JavaVirtualMachines/oracle-jdk-17.0.10!/jdk.naming.dns" type="simple" />
            <root url="jrt:///Library/Java/JavaVirtualMachines/oracle-jdk-17.0.10!/jdk.naming.rmi" type="simple" />
            <root url="jrt:///Library/Java/JavaVirtualMachines/oracle-jdk-17.0.10!/jdk.net" type="simple" />
            <root url="jrt:///Library/Java/JavaVirtualMachines/oracle-jdk-17.0.10!/jdk.nio.mapmode" type="simple" />
            <root url="jrt:///Library/Java/JavaVirtualMachines/oracle-jdk-17.0.10!/jdk.random" type="simple" />
            <root url="jrt:///Library/Java/JavaVirtualMachines/oracle-jdk-17.0.10!/jdk.sctp" type="simple" />
            <root url="jrt:///Library/Java/JavaVirtualMachines/oracle-jdk-17.0.10!/jdk.security.auth" type="simple" />
            <root url="jrt:///Library/Java/JavaVirtualMachines/oracle-jdk-17.0.10!/jdk.security.jgss" type="simple" />
            <root url="jrt:///Library/Java/JavaVirtualMachines/oracle-jdk-17.0.10!/jdk.unsupported" type="simple" />
            <root url="jrt:///Library/Java/JavaVirtualMachines/oracle-jdk-17.0.10!/jdk.unsupported.desktop" type="simple" />
            <root url="jrt:///Library/Java/JavaVirtualMachines/oracle-jdk-17.0.10!/jdk.xml.dom" type="simple" />
            <root url="jrt:///Library/Java/JavaVirtualMachines/oracle-jdk-17.0.10!/jdk.zipfs" type="simple" />
          </root>
        </classPath>
        <javadocPath>
          <root type="composite" />
        </javadocPath>
        <sourcePath>
          <root type="composite">
            <root url="jar:///Library/Java/JavaVirtualMachines/oracle-jdk-17.0.10/lib/src.zip!/java.se" type="simple" />
            <root url="jar:///Library/Java/JavaVirtualMachines/oracle-jdk-17.0.10/lib/src.zip!/jdk.jdi" type="simple" />
            <root url="jar:///Library/Java/JavaVirtualMachines/oracle-jdk-17.0.10/lib/src.zip!/jdk.jfr" type="simple" />
            <root url="jar:///Library/Java/JavaVirtualMachines/oracle-jdk-17.0.10/lib/src.zip!/jdk.net" type="simple" />
            <root url="jar:///Library/Java/JavaVirtualMachines/oracle-jdk-17.0.10/lib/src.zip!/java.rmi" type="simple" />
            <root url="jar:///Library/Java/JavaVirtualMachines/oracle-jdk-17.0.10/lib/src.zip!/java.sql" type="simple" />
            <root url="jar:///Library/Java/JavaVirtualMachines/oracle-jdk-17.0.10/lib/src.zip!/java.xml" type="simple" />
            <root url="jar:///Library/Java/JavaVirtualMachines/oracle-jdk-17.0.10/lib/src.zip!/jdk.jcmd" type="simple" />
            <root url="jar:///Library/Java/JavaVirtualMachines/oracle-jdk-17.0.10/lib/src.zip!/jdk.sctp" type="simple" />
            <root url="jar:///Library/Java/JavaVirtualMachines/oracle-jdk-17.0.10/lib/src.zip!/java.base" type="simple" />
            <root url="jar:///Library/Java/JavaVirtualMachines/oracle-jdk-17.0.10/lib/src.zip!/jdk.jdeps" type="simple" />
            <root url="jar:///Library/Java/JavaVirtualMachines/oracle-jdk-17.0.10/lib/src.zip!/jdk.jlink" type="simple" />
            <root url="jar:///Library/Java/JavaVirtualMachines/oracle-jdk-17.0.10/lib/src.zip!/jdk.zipfs" type="simple" />
            <root url="jar:///Library/Java/JavaVirtualMachines/oracle-jdk-17.0.10/lib/src.zip!/java.prefs" type="simple" />
            <root url="jar:///Library/Java/JavaVirtualMachines/oracle-jdk-17.0.10/lib/src.zip!/jdk.attach" type="simple" />
            <root url="jar:///Library/Java/JavaVirtualMachines/oracle-jdk-17.0.10/lib/src.zip!/jdk.jshell" type="simple" />
            <root url="jar:///Library/Java/JavaVirtualMachines/oracle-jdk-17.0.10/lib/src.zip!/jdk.jstatd" type="simple" />
            <root url="jar:///Library/Java/JavaVirtualMachines/oracle-jdk-17.0.10/lib/src.zip!/jdk.random" type="simple" />
            <root url="jar:///Library/Java/JavaVirtualMachines/oracle-jdk-17.0.10/lib/src.zip!/java.naming" type="simple" />
            <root url="jar:///Library/Java/JavaVirtualMachines/oracle-jdk-17.0.10/lib/src.zip!/jdk.editpad" type="simple" />
            <root url="jar:///Library/Java/JavaVirtualMachines/oracle-jdk-17.0.10/lib/src.zip!/jdk.jartool" type="simple" />
            <root url="jar:///Library/Java/JavaVirtualMachines/oracle-jdk-17.0.10/lib/src.zip!/jdk.javadoc" type="simple" />
            <root url="jar:///Library/Java/JavaVirtualMachines/oracle-jdk-17.0.10/lib/src.zip!/jdk.xml.dom" type="simple" />
            <root url="jar:///Library/Java/JavaVirtualMachines/oracle-jdk-17.0.10/lib/src.zip!/java.desktop" type="simple" />
            <root url="jar:///Library/Java/JavaVirtualMachines/oracle-jdk-17.0.10/lib/src.zip!/java.logging" type="simple" />
            <root url="jar:///Library/Java/JavaVirtualMachines/oracle-jdk-17.0.10/lib/src.zip!/jdk.charsets" type="simple" />
            <root url="jar:///Library/Java/JavaVirtualMachines/oracle-jdk-17.0.10/lib/src.zip!/jdk.compiler" type="simple" />
            <root url="jar:///Library/Java/JavaVirtualMachines/oracle-jdk-17.0.10/lib/src.zip!/jdk.dynalink" type="simple" />
            <root url="jar:///Library/Java/JavaVirtualMachines/oracle-jdk-17.0.10/lib/src.zip!/jdk.jconsole" type="simple" />
            <root url="jar:///Library/Java/JavaVirtualMachines/oracle-jdk-17.0.10/lib/src.zip!/jdk.jpackage" type="simple" />
            <root url="jar:///Library/Java/JavaVirtualMachines/oracle-jdk-17.0.10/lib/src.zip!/jdk.jsobject" type="simple" />
            <root url="jar:///Library/Java/JavaVirtualMachines/oracle-jdk-17.0.10/lib/src.zip!/java.compiler" type="simple" />
            <root url="jar:///Library/Java/JavaVirtualMachines/oracle-jdk-17.0.10/lib/src.zip!/java.net.http" type="simple" />
            <root url="jar:///Library/Java/JavaVirtualMachines/oracle-jdk-17.0.10/lib/src.zip!/jdk.crypto.ec" type="simple" />
            <root url="jar:///Library/Java/JavaVirtualMachines/oracle-jdk-17.0.10/lib/src.zip!/java.scripting" type="simple" />
            <root url="jar:///Library/Java/JavaVirtualMachines/oracle-jdk-17.0.10/lib/src.zip!/jdk.httpserver" type="simple" />
            <root url="jar:///Library/Java/JavaVirtualMachines/oracle-jdk-17.0.10/lib/src.zip!/jdk.jdwp.agent" type="simple" />
            <root url="jar:///Library/Java/JavaVirtualMachines/oracle-jdk-17.0.10/lib/src.zip!/jdk.localedata" type="simple" />
            <root url="jar:///Library/Java/JavaVirtualMachines/oracle-jdk-17.0.10/lib/src.zip!/jdk.management" type="simple" />
            <root url="jar:///Library/Java/JavaVirtualMachines/oracle-jdk-17.0.10/lib/src.zip!/jdk.naming.dns" type="simple" />
            <root url="jar:///Library/Java/JavaVirtualMachines/oracle-jdk-17.0.10/lib/src.zip!/jdk.naming.rmi" type="simple" />
            <root url="jar:///Library/Java/JavaVirtualMachines/oracle-jdk-17.0.10/lib/src.zip!/java.instrument" type="simple" />
            <root url="jar:///Library/Java/JavaVirtualMachines/oracle-jdk-17.0.10/lib/src.zip!/java.management" type="simple" />
            <root url="jar:///Library/Java/JavaVirtualMachines/oracle-jdk-17.0.10/lib/src.zip!/java.sql.rowset" type="simple" />
            <root url="jar:///Library/Java/JavaVirtualMachines/oracle-jdk-17.0.10/lib/src.zip!/java.xml.crypto" type="simple" />
            <root url="jar:///Library/Java/JavaVirtualMachines/oracle-jdk-17.0.10/lib/src.zip!/jdk.internal.ed" type="simple" />
            <root url="jar:///Library/Java/JavaVirtualMachines/oracle-jdk-17.0.10/lib/src.zip!/jdk.internal.le" type="simple" />
            <root url="jar:///Library/Java/JavaVirtualMachines/oracle-jdk-17.0.10/lib/src.zip!/jdk.nio.mapmode" type="simple" />
            <root url="jar:///Library/Java/JavaVirtualMachines/oracle-jdk-17.0.10/lib/src.zip!/jdk.unsupported" type="simple" />
            <root url="jar:///Library/Java/JavaVirtualMachines/oracle-jdk-17.0.10/lib/src.zip!/java.smartcardio" type="simple" />
            <root url="jar:///Library/Java/JavaVirtualMachines/oracle-jdk-17.0.10/lib/src.zip!/jdk.internal.opt" type="simple" />
            <root url="jar:///Library/Java/JavaVirtualMachines/oracle-jdk-17.0.10/lib/src.zip!/java.datatransfer" type="simple" />
            <root url="jar:///Library/Java/JavaVirtualMachines/oracle-jdk-17.0.10/lib/src.zip!/jdk.accessibility" type="simple" />
            <root url="jar:///Library/Java/JavaVirtualMachines/oracle-jdk-17.0.10/lib/src.zip!/jdk.hotspot.agent" type="simple" />
            <root url="jar:///Library/Java/JavaVirtualMachines/oracle-jdk-17.0.10/lib/src.zip!/jdk.security.auth" type="simple" />
            <root url="jar:///Library/Java/JavaVirtualMachines/oracle-jdk-17.0.10/lib/src.zip!/jdk.security.jgss" type="simple" />
            <root url="jar:///Library/Java/JavaVirtualMachines/oracle-jdk-17.0.10/lib/src.zip!/java.security.jgss" type="simple" />
            <root url="jar:///Library/Java/JavaVirtualMachines/oracle-jdk-17.0.10/lib/src.zip!/java.security.sasl" type="simple" />
            <root url="jar:///Library/Java/JavaVirtualMachines/oracle-jdk-17.0.10/lib/src.zip!/jdk.internal.vm.ci" type="simple" />
            <root url="jar:///Library/Java/JavaVirtualMachines/oracle-jdk-17.0.10/lib/src.zip!/jdk.management.jfr" type="simple" />
            <root url="jar:///Library/Java/JavaVirtualMachines/oracle-jdk-17.0.10/lib/src.zip!/java.management.rmi" type="simple" />
            <root url="jar:///Library/Java/JavaVirtualMachines/oracle-jdk-17.0.10/lib/src.zip!/java.transaction.xa" type="simple" />
            <root url="jar:///Library/Java/JavaVirtualMachines/oracle-jdk-17.0.10/lib/src.zip!/jdk.crypto.cryptoki" type="simple" />
            <root url="jar:///Library/Java/JavaVirtualMachines/oracle-jdk-17.0.10/lib/src.zip!/jdk.incubator.vector" type="simple" />
            <root url="jar:///Library/Java/JavaVirtualMachines/oracle-jdk-17.0.10/lib/src.zip!/jdk.internal.jvmstat" type="simple" />
            <root url="jar:///Library/Java/JavaVirtualMachines/oracle-jdk-17.0.10/lib/src.zip!/jdk.management.agent" type="simple" />
            <root url="jar:///Library/Java/JavaVirtualMachines/oracle-jdk-17.0.10/lib/src.zip!/jdk.incubator.foreign" type="simple" />
            <root url="jar:///Library/Java/JavaVirtualMachines/oracle-jdk-17.0.10/lib/src.zip!/jdk.unsupported.desktop" type="simple" />
            <root url="jar:///Library/Java/JavaVirtualMachines/oracle-jdk-17.0.10/lib/src.zip!/jdk.internal.vm.compiler" type="simple" />
            <root url="jar:///Library/Java/JavaVirtualMachines/oracle-jdk-17.0.10/lib/src.zip!/jdk.internal.vm.compiler.management" type="simple" />
          </root>
        </sourcePath>
      </roots>
    </jdk>
  </component>
</application>