<application>
  <component name="ProjectManager">
    <defaultProject>
      <component name="ProjectViewState">
        <option name="autoscrollFromSource" value="true" />
        <option name="hideEmptyMiddlePackages" value="true" />
        <option name="showLibraryContents" value="true" />
        <option name="showScratchesAndConsoles" value="false" />
      </component>
      <component name="PropertiesComponent">{
  &quot;keyToString&quot;: {
    &quot;settings.editor.selected.configurable&quot;: &quot;preferences.lookFeel&quot;
  }
}</component>
      <component name="VcsDirectoryMappings" defaultProject="true" />
      <component name="WindowStateProjectService">
        <state x="596" y="34" width="900" height="933" key="SettingsEditor" timestamp="1723735328060">
          <screen x="0" y="34" width="1496" height="933" />
        </state>
        <state x="0" y="34" width="1496" height="933" key="SettingsEditor.ideScale=125" timestamp="1723735433663">
          <screen x="0" y="34" width="1496" height="933" />
        </state>
        <state x="0" y="34" width="1496" height="933" key="SettingsEditor.ideScale=125/0.34.1496.933" timestamp="1723735433663" />
        <state x="596" y="34" width="900" height="933" key="SettingsEditor/0.34.1496.933" timestamp="1723735328060" />
      </component>
    </defaultProject>
  </component>
</application>