<application>
  <component name="SettingsSyncSettings">
    <option name="disabledSubcategories">
      <map>
        <entry key="PLUGINS">
          <value>
            <list>
              <option value="InnerBuilder" />
              <option value="com.github.catppuccin.jetbrains" />
              <option value="com.github.jmorjsm.rosepineintellij" />
              <option value="net.sf.opk.avro-schema-support" />
              <option value="org.intellij.plugins.hcl" />
              <option value="org.jetbrains.IdeaVim-EasyMotion" />
            </list>
          </value>
        </entry>
      </map>
    </option>
    <option name="migrationFromOldStorageChecked" value="true" />
    <option name="syncEnabled" value="true" />
  </component>
</application>