<application>
  <component name="Trusted.Paths">
    <option name="TRUSTED_PROJECT_PATHS">
      <map>
        <entry key="$USER_HOME$/Documents/udemy/java/Udemy - [NEW] Building Microservices with Spring Boot &amp; Spring Cloud 2023-6/01 - Introduction/005 springboot-microservices/springboot-microservices" value="true" />
        <entry key="$USER_HOME$/Workspaces/HK7/SE505/backend" value="true" />
        <entry key="$USER_HOME$/Workspaces/java" value="true" />
        <entry key="$USER_HOME$/Workspaces/java/04-java-spring-jobhunter-final-project" value="true" />
        <entry key="$USER_HOME$/Workspaces/java/Harbe" value="true" />
        <entry key="$USER_HOME$/Workspaces/java/java-reactive-programming-course" value="true" />
        <entry key="$USER_HOME$/Workspaces/java/java-reactive-programming-course/01-reactive-programming-playground" value="true" />
        <entry key="$USER_HOME$/Workspaces/java/java-reactive-programming-course/03-old-content" value="true" />
        <entry key="$USER_HOME$/Workspaces/java/master-spring-and-spring-boot" value="true" />
        <entry key="$USER_HOME$/Workspaces/java/master-spring-and-spring-boot/71-spring-security" value="true" />
        <entry key="$USER_HOME$/Workspaces/java/master-spring-and-spring-boot/73-spring-aop" value="true" />
        <entry key="$USER_HOME$/Workspaces/java/reactive-event-driven-microservices" value="true" />
        <entry key="$USER_HOME$/Workspaces/java/reactive-event-driven-microservices/cloud-stream-kafka-playground" value="true" />
        <entry key="$USER_HOME$/Workspaces/java/reactive-event-driven-microservices/saga-choreography" value="true" />
        <entry key="$USER_HOME$/Workspaces/java/reactive-event-driven-microservices/saga-orchestrator" value="true" />
        <entry key="$USER_HOME$/Workspaces/java/reactive-kafka-course" value="true" />
        <entry key="$USER_HOME$/Workspaces/java/reactive-kafka-course/02-reactive-kafka-playground" value="true" />
        <entry key="$USER_HOME$/Workspaces/java/reactive-kafka-course/03-assignment/analytics-service" value="true" />
        <entry key="$USER_HOME$/Workspaces/java/reactive-kafka-course/03-assignment/product-service" value="true" />
        <entry key="$USER_HOME$/Workspaces/java/spring-modulith-with-ddd" value="true" />
        <entry key="$USER_HOME$/Workspaces/java/spring-webflux-course" value="true" />
        <entry key="$USER_HOME$/Workspaces/java/spring-webflux-course/02-webflux-playground" value="true" />
        <entry key="$USER_HOME$/Workspaces/java/spring-webflux-course/03-final-project/trade-platofrm/aggregator-service" value="true" />
        <entry key="$USER_HOME$/Workspaces/java/spring-webflux-course/03-final-project/trade-platofrm/customer-service" value="true" />
        <entry key="$USER_HOME$/Workspaces/java/spring-webflux-course/04-r2dbc-vs-jdbc/reactive-vs-traditional-postgres" value="true" />
        <entry key="$USER_HOME$/Workspaces/java/spring-webflux-course/06-old-projects/order-service" value="true" />
        <entry key="$USER_HOME$/Workspaces/java/spring-webflux-course/06-old-projects/product-service" value="true" />
        <entry key="$USER_HOME$/Workspaces/java/spring-webflux-course/06-old-projects/user-service" value="true" />
        <entry key="$USER_HOME$/Workspaces/java/spring-webflux-course/06-old-projects/webflux-demo" value="true" />
      </map>
    </option>
  </component>
  <component name="Trusted.Paths.Settings">
    <option name="TRUSTED_PATHS">
      <list>
        <option value="$USER_HOME$/Workspaces" />
      </list>
    </option>
  </component>
</application>