<application>
  <component name="DimensionService">
    <location key="find.popup.0.0.2992.1934@240dpi" x="460" y="322" />
    <size key="GridCell.Tab.0.right.0.0.2992.1934@240dpi" width="2788" height="1128" />
    <size key="GridCell.Tab.0.left.0.0.2992.1934@240dpi" width="2788" height="1128" />
    <size key="GridCell.Tab.0.center.0.0.2992.1934@240dpi" width="2788" height="1128" />
    <size key="GridCell.Tab.0.bottom.0.0.2992.1934@240dpi" width="2788" height="1128" />
    <size key="GridCell.Tab.1.left.0.0.2992.1934@240dpi" width="2788" height="1128" />
    <size key="GridCell.Tab.1.center.0.0.2992.1934@240dpi" width="2788" height="1128" />
    <size key="GridCell.Tab.1.right.0.0.2992.1934@240dpi" width="2788" height="1128" />
    <size key="GridCell.Tab.1.bottom.0.0.2992.1934@240dpi" width="2788" height="1128" />
    <size key="find.popup.0.0.2992.1934@240dpi" width="2232" height="1352" />
    <size key="GridCell.Tab.-1.left.0.0.2992.1934@240dpi" width="2788" height="842" />
    <size key="GridCell.Tab.-1.center.0.0.2992.1934@240dpi" width="2788" height="842" />
    <size key="GridCell.Tab.-1.right.0.0.2992.1934@240dpi" width="2788" height="842" />
    <size key="GridCell.Tab.-1.bottom.0.0.2992.1934@240dpi" width="2788" height="842" />
  </component>
  <component name="WindowManager">
    <frame x="0" y="34" width="1496" height="933" extendedState="6" />
  </component>
  <component name="WindowStateApplicationService">
    <state x="259" y="52" width="750" height="424" key="RegExHelpPopup" timestamp="1728041666866">
      <screen x="0" y="34" width="1496" height="933" />
    </state>
    <state x="259" y="52" width="750" height="424" key="RegExHelpPopup/0.34.1496.933" timestamp="1728041666866" />
    <state x="1496" y="500" width="1496" height="933" key="WELCOME_SCREEN" timestamp="1723735412991">
      <screen x="0" y="34" width="1496" height="933" />
    </state>
    <state x="748" y="500" width="1496" height="933" key="WELCOME_SCREEN.ideScale=125" timestamp="1723772162403">
      <screen x="0" y="34" width="1496" height="933" />
    </state>
    <state x="748" y="500" width="1496" height="933" key="WELCOME_SCREEN.ideScale=125/0.34.1496.933" timestamp="1723772162403" />
    <state x="1496" y="500" width="1496" height="933" key="WELCOME_SCREEN/0.34.1496.933" timestamp="1723735412991" />
  </component>
</application>