<keymap version="1" name="IdeavVim VSCode" parent="VSCode">
  <action id="$Copy">
    <keyboard-shortcut first-keystroke="ctrl c" />
    <keyboard-shortcut first-keystroke="ctrl insert" />
    <keyboard-shortcut first-keystroke="meta c" />
  </action>
  <action id="$Cut">
    <keyboard-shortcut first-keystroke="ctrl x" />
    <keyboard-shortcut first-keystroke="shift delete" />
    <keyboard-shortcut first-keystroke="meta x" />
  </action>
  <action id="$Paste">
    <keyboard-shortcut first-keystroke="ctrl v" />
    <keyboard-shortcut first-keystroke="shift insert" />
    <keyboard-shortcut first-keystroke="meta v" />
  </action>
  <action id="$SelectAll" />
  <action id="$Undo">
    <keyboard-shortcut first-keystroke="ctrl z" />
  </action>
  <action id="AIAssistant.Editor.GenerateCodeInplace" />
  <action id="ActivateBookmarksToolWindow" />
  <action id="ActivateFindToolWindow" />
  <action id="ActivateProjectToolWindow">
    <keyboard-shortcut first-keystroke="ctrl e" />
  </action>
  <action id="ActivateTerminalToolWindow">
    <keyboard-shortcut first-keystroke="ctrl back_quote" />
    <keyboard-shortcut first-keystroke="ctrl back_slash" />
  </action>
  <action id="AddToHarpoon">
    <keyboard-shortcut first-keystroke="alt a" />
  </action>
  <action id="CloseAllEditors" />
  <action id="CloseAllEditorsButActive" />
  <action id="CloseContent" />
  <action id="CloseProject" />
  <action id="CollapseAllRegions" />
  <action id="CollapseBlock">
    <keyboard-shortcut first-keystroke="ctrl alt open_bracket" />
  </action>
  <action id="CollapseDocComments" />
  <action id="CollapseRegionRecursively" />
  <action id="CommentByLineComment">
    <keyboard-shortcut first-keystroke="ctrl slash" />
  </action>
  <action id="CompareClipboardWithSelection" />
  <action id="CopyAbsolutePath">
    <keyboard-shortcut first-keystroke="shift alt c" />
  </action>
  <action id="CopyPaths">
    <keyboard-shortcut first-keystroke="shift alt c" />
  </action>
  <action id="DuplicatesForm.SendToLeft" />
  <action id="DuplicatesForm.SendToRight" />
  <action id="EditSourceInNewWindow" />
  <action id="Editor Copy">
    <keyboard-shortcut first-keystroke="meta c" />
  </action>
  <action id="Editor Cut">
    <keyboard-shortcut first-keystroke="meta x" />
  </action>
  <action id="Editor Paste">
    <keyboard-shortcut first-keystroke="meta v" />
  </action>
  <action id="EditorChooseLookupItem">
    <keyboard-shortcut first-keystroke="tab" />
  </action>
  <action id="EditorChooseLookupItemReplace">
    <keyboard-shortcut first-keystroke="enter" />
  </action>
  <action id="EditorDeleteToWordStart">
    <keyboard-shortcut first-keystroke="ctrl back_space" />
    <keyboard-shortcut first-keystroke="ctrl w" />
    <keyboard-shortcut first-keystroke="alt back_space" />
  </action>
  <action id="EditorDown">
    <keyboard-shortcut first-keystroke="down" />
    <keyboard-shortcut first-keystroke="ctrl j" />
  </action>
  <action id="EditorIndentLineOrSelection" />
  <action id="EditorScrollToCenter" />
  <action id="EditorUnSelectWord" />
  <action id="EditorUnindentSelection">
    <keyboard-shortcut first-keystroke="shift tab" />
  </action>
  <action id="EditorUp">
    <keyboard-shortcut first-keystroke="up" />
    <keyboard-shortcut first-keystroke="ctrl k" />
  </action>
  <action id="ExpandAllRegions" />
  <action id="ExpandRegionRecursively" />
  <action id="FileChooser.GotoHome" />
  <action id="FileChooser.GotoModule" />
  <action id="FileChooser.GotoProject" />
  <action id="FindNext">
    <keyboard-shortcut first-keystroke="f3" />
  </action>
  <action id="GotoBookmark1" />
  <action id="GotoBookmark2" />
  <action id="GotoBookmark3" />
  <action id="GotoBookmark4" />
  <action id="GotoHarpoon1">
    <keyboard-shortcut first-keystroke="alt 1" />
  </action>
  <action id="GotoHarpoon2">
    <keyboard-shortcut first-keystroke="alt 2" />
  </action>
  <action id="GotoHarpoon3">
    <keyboard-shortcut first-keystroke="alt 3" />
  </action>
  <action id="GotoHarpoon4">
    <keyboard-shortcut first-keystroke="alt 4" />
  </action>
  <action id="GotoHarpoon5">
    <keyboard-shortcut first-keystroke="alt 5" />
  </action>
  <action id="GuiDesigner.ShrinkSelection" />
  <action id="HarpoonerAddFile">
    <keyboard-shortcut first-keystroke="alt a" />
  </action>
  <action id="HarpoonerOpenFile0">
    <keyboard-shortcut first-keystroke="alt 1" />
  </action>
  <action id="HarpoonerOpenFile1">
    <keyboard-shortcut first-keystroke="alt 2" />
  </action>
  <action id="HarpoonerOpenFile2">
    <keyboard-shortcut first-keystroke="alt 3" />
  </action>
  <action id="HarpoonerOpenFile3">
    <keyboard-shortcut first-keystroke="alt 4" />
  </action>
  <action id="HarpoonerQuickMenu">
    <keyboard-shortcut first-keystroke="alt m" />
  </action>
  <action id="Help.KeymapReference" />
  <action id="HideActiveWindow" />
  <action id="HideSideWindows" />
  <action id="JumpToLastChange" />
  <action id="List-selectPreviousRow">
    <keyboard-shortcut first-keystroke="up" />
  </action>
  <action id="MoveTabRight" />
  <action id="NewClass">
    <keyboard-shortcut first-keystroke="shift ctrl n" />
  </action>
  <action id="NewDir">
    <keyboard-shortcut first-keystroke="f10" />
  </action>
  <action id="NewFile">
    <keyboard-shortcut first-keystroke="ctrl n" />
  </action>
  <action id="NextSplitter" />
  <action id="OpenInlineChatAction">
    <keyboard-shortcut first-keystroke="shift ctrl g" />
  </action>
  <action id="OverrideFileTypeAction" />
  <action id="PinActiveTabAction" />
  <action id="PrevSplitter" />
  <action id="QuickChangeScheme" />
  <action id="QuickJavaDoc" />
  <action id="RecentFiles" />
  <action id="RemoteServers.EditServerConfig" />
  <action id="RevealIn">
    <keyboard-shortcut first-keystroke="shift alt r" />
  </action>
  <action id="RiderUnitTestRunSolutionTwAction" />
  <action id="RunDashboard.EditConfiguration" />
  <action id="SaveAll" />
  <action id="SelectInProjectView" />
  <action id="ShowHarpoon">
    <keyboard-shortcut first-keystroke="alt m" />
  </action>
  <action id="SplitVertically" />
  <action id="SwitcherIterateItems" />
  <action id="SwitcherRecentEditedChangedToggleCheckBox" />
  <action id="TableResult.ShrinkSelection" />
  <action id="Terminal.ClearBuffer" />
  <action id="Terminal.CloseTab">
    <keyboard-shortcut first-keystroke="shift ctrl w" />
  </action>
  <action id="Terminal.CopySelectedText">
    <keyboard-shortcut first-keystroke="ctrl c" />
    <keyboard-shortcut first-keystroke="ctrl insert" />
    <keyboard-shortcut first-keystroke="meta c" />
  </action>
  <action id="Terminal.NextSplitter" />
  <action id="Terminal.Paste">
    <keyboard-shortcut first-keystroke="ctrl v" />
    <keyboard-shortcut first-keystroke="shift insert" />
    <keyboard-shortcut first-keystroke="meta v" />
  </action>
  <action id="Terminal.PrevSplitter" />
  <action id="Terminal.SelectAll" />
  <action id="TextEditorWithPreview.Layout.EditorAndPreview" />
  <action id="ToggleZenMode" />
  <action id="Tree-scrollDownChangeSelection">
    <keyboard-shortcut first-keystroke="page_down" />
    <keyboard-shortcut first-keystroke="ctrl d" />
  </action>
  <action id="Tree-scrollUpChangeSelection">
    <keyboard-shortcut first-keystroke="page_up" />
    <keyboard-shortcut first-keystroke="ctrl u" />
  </action>
  <action id="Tree-startEditing">
    <keyboard-shortcut first-keystroke="f2" />
    <keyboard-shortcut first-keystroke="r" />
  </action>
  <action id="Vcs.Log.FocusTextFilter" />
  <action id="Vcs.Log.ShowTooltip" />
  <action id="Vcs.ShowMessageHistory" />
  <action id="Vcs.ToggleAmendCommitMode" />
  <action id="copilot.applyInlays">
    <keyboard-shortcut first-keystroke="ctrl l" />
  </action>
  <action id="copilot.cycleNextInlays">
    <keyboard-shortcut first-keystroke="ctrl period" />
    <keyboard-shortcut first-keystroke="ctrl close_bracket" />
  </action>
  <action id="copilot.cyclePrevInlays">
    <keyboard-shortcut first-keystroke="ctrl comma" />
    <keyboard-shortcut first-keystroke="ctrl open_bracket" />
  </action>
  <action id="copilot.disposeInlays" />
  <action id="org.intellij.plugins.markdown.ui.actions.styling.ToggleBoldAction" />
</keymap>